Table 1.10. Gross Domestic Income by Type of Income,,,,,,,,,,,,,,,,,,,,,,,,,,,,,,,,,,,,,,,,,,,,,,,,,,,,,,,,,,,,,,,,,,,,,,,,,,,,,,,,,,,,,,,,,,,,,,,,,,,,,,,,,,,,,,,,,,,,,,,
Table 1.10. Gross Domestic Income by Type of Income,,,,,,,,,,,,,,,,,,,,,,,,,,,,,,,,,,,,,,,,,,,,,,,,,,,,,,,,,,,,,,,,,,,,,,,,,,,,,,,,,,,,,,,,,,,,,,,,,,,,,,,,,,,,,,,,,,,,,,,
"Last Revised on: February 20, 2026 - Next Release Date March 13, 2026",,,,,,,,,,,,,,,,,,,,,,,,,,,,,,,,,,,,,,,,,,,,,,,,,,,,,,,,,,,,,,,,,,,,,,,,,,,,,,,,,,,,,,,,,,,,,,,,,,,,,,,,,,,,,,,,,,,,,,,
Line,,1990,1991,1991,1991,1991,1992,1992,1992,1992,1993,1993,1993,1993,1994,1994,1994,1994,1995,1995,1995,1995,1996,1996,1996,1996,1997,1997,1997,1997,1998,1998,1998,1998,1999,1999,1999,1999,2000,2000,2000,2000,2001,2001,2001,2001,2002,2002,2002,2002,2003,2003,2003,2003,2004,2004,2004,2004,2005,2005,2005,2005,2006,2006,2006,2006,2007,2007,2007,2007,2008,2008,2008,2008,2009,2009,2009,2009,2010,2010,2010,2010,2011,2011,2011,2011,2012,2012,2012,2012,2013,2013,2013,2013,2014,2014,2014,2014,2015,2015,2015,2015,2016,2016,2016,2016,2017,2017,2017,2017,2018,2018,2018,2018,2019,2019,2019,2019,2020
Line,,Q4,Q1,Q2,Q3,Q4,Q1,Q2,Q3,Q4,Q1,Q2,Q3,Q4,Q1,Q2,Q3,Q4,Q1,Q2,Q3,Q4,Q1,Q2,Q3,Q4,Q1,Q2,Q3,Q4,Q1,Q2,Q3,Q4,Q1,Q2,Q3,Q4,Q1,Q2,Q3,Q4,Q1,Q2,Q3,Q4,Q1,Q2,Q3,Q4,Q1,Q2,Q3,Q4,Q1,Q2,Q3,Q4,Q1,Q2,Q3,Q4,Q1,Q2,Q3,Q4,Q1,Q2,Q3,Q4,Q1,Q2,Q3,Q4,Q1,Q2,Q3,Q4,Q1,Q2,Q3,Q4,Q1,Q2,Q3,Q4,Q1,Q2,Q3,Q4,Q1,Q2,Q3,Q4,Q1,Q2,Q3,Q4,Q1,Q2,Q3,Q4,Q1,Q2,Q3,Q4,Q1,Q2,Q3,Q4,Q1,Q2,Q3,Q4,Q1,Q2,Q3,Q4,Q1
1,        Gross domestic income,5927.4,5973.1,6034.5,6098.2,6155.9,6284.7,6375.3,6427,6532.2,6546,6664.3,6717.1,6885.1,6956.2,7098.2,7205.8,7331.7,7401.9,7481,7610.5,7697,7820.3,7967.2,8066.8,8210.1,8350,8474.8,8648.9,8795.5,8894.4,9046.5,9210.8,9325.2,9486,9567.9,9695.9,9892.2,10156.1,10287.4,10442.4,10501.1,10679.4,10732.1,10718.7,10664.4,10826.8,10967.3,11051.7,11197.3,11245.8,11377,11565.4,11734.4,11916,12148.5,12376.1,12540.6,12750.1,12964.8,13180.6,13489.4,13795.9,13973.1,14125,14207.5,14342,14511.4,14465.1,14529.2,14574.1,14617.9,14711,14411.7,14162.6,14188.4,14263.6,14530.8,14652.5,14865.7,15136.2,15263.7,15358.9,15573.1,15700.3,15863.8,16274.8,16379.7,16329.3,16646.7,16711.5,16848.8,16947,17134.7,17313.4,17652.7,17928.9,18101.3,18212.9,18381.1,18460.8,18497.2,18592.1,18630.4,18800.9,18984.7,19237,19405.9,19601.6,19932.2,20205,20470.2,20760.8,20936.3,21211.3,21369.4,21557.7,21793.4,21753.4
2,"Compensation of employees, paid",3384.1,3389.9,3430.3,3472.7,3520.2,3598.7,3654.9,3691.4,3739.9,3748.7,3803.5,3837.4,3892.8,3917.3,3995.6,4035.8,4092.1,4138.5,4176.9,4223.8,4269.5,4318.4,4391.6,4455.3,4519,4596.6,4664.3,4743.3,4848.7,4946.4,5032.8,5119.5,5204.2,5295,5351.5,5430.5,5562.8,5756.3,5799.3,5911.5,5951.4,6057.9,6048.8,6032.7,6046,6068.7,6137.3,6165.3,6202.2,6221.9,6315.8,6402.4,6509.2,6550.8,6678.5,6813.4,6874.5,6937.7,7017.1,7134.2,7221.8,7391.4,7439.6,7498.5,7635.6,7817,7856.2,7895.4,7988.9,8067.8,8066.3,8085.3,8055.4,7739.4,7770.3,7754.5,7804.6,7774.6,7918.2,7990.2,8048.9,8177.7,8214.1,8295.3,8248.9,8464.3,8512.1,8554.3,8770.8,8740.9,8828.1,8854.2,8951.3,9123.3,9181.9,9290.2,9443.1,9573.6,9676,9762,9826.5,9862.4,9916.2,10009.6,10120.2,10234.6,10346.6,10489.2,10669.5,10793.2,10901.1,11052.5,11123.9,11340.5,11400.6,11465,11627.9,11788.8
3,    Wages and salaries,2774.8,2774.1,2802.8,2830.9,2861.2,2915.9,2955,2979.4,3023.8,3019,3069.8,3096.9,3144.9,3156.6,3227.4,3262.7,3315.7,3362.1,3399.3,3443,3484.1,3528.3,3594,3651.3,3708.7,3780.5,3840,3907.4,3997.1,4079.3,4149.9,4222,4293.5,4372.7,4416.9,4480.2,4591,4758.7,4786.6,4878.8,4905.7,4987.2,4969.3,4944.1,4946,4953.9,5006.4,5020.5,5035.5,5035.7,5109.8,5177.4,5264.9,5284,5390.8,5502.5,5546.1,5586.1,5649.4,5749.8,5826.7,5983.1,6024.2,6073,6193,6354.7,6381.4,6407.7,6485.3,6552.3,6544.1,6558,6529.4,6234.6,6262.8,6245.2,6286.6,6240.2,6368.2,6430.5,6481.4,6584.9,6615.9,6689.7,6645.7,6844.2,6884.3,6914.2,7101.8,7052.2,7111.5,7121.5,7205.1,7367.7,7418.9,7512.6,7643.9,7755.9,7840.7,7913.3,7968.5,8003.5,8050.2,8130.4,8224.9,8321.3,8412.8,8529.1,8676.9,8772.7,8853.5,8979.5,9034.7,9233.3,9285,9341,9488.8,9636.6
4,            To persons,2771,2770.5,2798.9,2826.8,2856.6,2911.1,2950.2,2974.7,3018.9,3014.2,3064.7,3091.8,3139.4,3150.9,3221.4,3256.7,3309.6,3355.9,3393,3436.7,3477.7,3522.3,3587.8,3645,3702.1,3774.1,3833.4,3900.7,3990.1,4072.5,4143.1,4215,4286.1,4360.4,4405.1,4469.4,4579.8,4747.1,4774.7,4866.9,4893.6,4975,4956.9,4931.4,4933.2,4941.3,4993.8,5007.5,5022.5,5022.4,5096.7,5164.1,5251.3,5269.7,5376,5488,5531.3,5569.8,5633.1,5733.5,5810,5966.3,6007.6,6056.8,6176,6338.6,6365.1,6392.3,6468.7,6534.1,6527.3,6541.8,6511.8,6219.9,6248.8,6231.4,6273.4,6227.3,6354.8,6416.6,6467.6,6571.2,6602.1,6675.5,6631.5,6830.2,6869.8,6899.7,7087.6,7037.3,7096.3,7106.2,7189.7,7352.1,7402.9,7496.5,7627.8,7739.6,7824.2,7896.4,7951.4,7986.2,8032.8,8113,8207.6,8304.7,8395.8,8511.9,8659.8,8755.8,8836.5,8962,9017.3,9214.9,9266.3,9322,9469.2,9620.6
5,            To the rest of the world,3.8,3.6,3.9,4.1,4.5,4.7,4.8,4.7,4.9,4.8,5.1,5.1,5.5,5.8,6,6,6.1,6.2,6.3,6.3,6.4,6,6.2,6.3,6.6,6.4,6.6,6.7,6.9,6.8,6.8,7.1,7.3,12.3,11.8,10.7,11.2,11.6,11.9,11.9,12.1,12.3,12.4,12.7,12.7,12.6,12.7,13,13.1,13.3,13.1,13.4,13.6,14.3,14.7,14.4,14.7,16.2,16.3,16.4,16.7,16.7,16.6,16.2,17,16.2,16.3,15.4,16.6,18.3,16.8,16.2,17.6,14.7,14,13.7,13.2,12.9,13.5,13.9,13.8,13.7,13.8,14.2,14.1,14,14.5,14.5,14.2,14.9,15.2,15.3,15.5,15.6,16,16.1,16.1,16.3,16.5,16.9,17.1,17.2,17.3,17.4,17.3,16.6,17,17.2,17.1,16.9,17,17.5,17.5,18.3,18.7,19,19.6,16
6,    Supplements to wages and salaries,609.3,615.8,627.5,641.8,659,682.8,699.9,712,716.1,729.6,733.8,740.5,747.9,760.7,768.2,773,776.5,776.3,777.7,780.8,785.4,790.1,797.6,804,810.2,816,824.3,835.9,851.6,867.1,882.8,897.4,910.7,922.3,934.6,950.3,971.8,997.7,1012.7,1032.7,1045.8,1070.7,1079.5,1088.6,1100,1114.9,1130.8,1144.8,1166.6,1186.2,1205.9,1225,1244.3,1266.8,1287.7,1310.9,1328.4,1351.6,1367.7,1384.4,1395.2,1408.3,1415.4,1425.4,1442.6,1462.2,1474.8,1487.6,1503.6,1515.5,1522.2,1527.2,1526,1504.8,1507.5,1509.3,1518.1,1534.4,1549.9,1559.7,1567.4,1592.8,1598.2,1605.7,1603.3,1620.1,1627.8,1640,1669,1688.7,1716.6,1732.7,1746.2,1755.6,1763.1,1777.6,1799.2,1817.7,1835.4,1848.7,1858,1858.9,1866,1879.2,1895.3,1913.3,1933.8,1960.1,1992.7,2020.5,2047.6,2073,2089.2,2107.2,2115.6,2124,2139.1,2152.2
7,Taxes on production and imports,434.2,444,451.6,461.3,471.5,476.4,481.2,486,489.9,489.7,497.6,504.9,520.3,531.5,544.4,550.5,554.6,555.3,553.6,558.9,563.8,570.4,577.7,581.8,593.2,595.7,610.4,616.6,623.8,629.1,635.5,643,650.3,657.5,667.1,679,690.7,698.6,707.3,711.3,717.1,724.2,724.1,725.3,737.1,744,751.3,768.5,776.3,788.6,800,813,820.9,847.3,859.9,871.3,893.8,915.1,937.3,952.1,965.3,981.8,991.7,1004.1,1010.5,1025.9,1033.1,1035.8,1052.6,1045.7,1054.7,1058.5,1040,1015.9,1017.3,1028.8,1045.3,1044.6,1062.1,1069.1,1076.4,1091.5,1105.5,1103.9,1114,1130.9,1133.9,1131.3,1148.4,1175.4,1179.4,1190.2,1198.3,1215.9,1234.8,1245.6,1254.4,1259.1,1270.9,1275.8,1288,1292.5,1297.5,1320.1,1326.4,1336.9,1353.5,1372,1393.5,1423.3,1440.9,1463.6,1500.6,1508.3,1520.2,1553.6,1552.4,1555.3
8,Less: Subsidies1,27,27.1,27.2,27.5,28.1,28.6,29.2,30.4,32.2,35.5,37.6,37.7,36,33.6,32.4,31.9,32.2,34,34.6,35.1,35.5,35.5,35.4,35.2,34.8,34.4,33.6,33.4,33.8,33.8,35,36.8,39.9,42.4,45,46.4,46.9,45.1,45.5,45.8,47,55.2,62,71.2,46.4,42.6,39.8,41.3,41.9,47.1,57.1,45.9,46,44.2,43.7,45.4,52.3,56.7,60.7,62,64.2,55.7,51.5,49.9,48.7,49.5,58.2,55.9,54.7,51.9,51.7,52,54.6,55.4,55.5,67.1,55.5,54.8,55.5,56,56.9,58.9,59.9,60.2,61.1,58.4,58.1,56.3,59.4,59.4,60.1,60,59.4,58.7,58.5,58.2,57,56,56.4,57.7,58.7,60.7,62.4,63,60.9,59.4,58,61.9,60.2,58.7,58.2,57.8,78.5,69.1,58.9,81.2,82.7,80.7
9,Net operating surplus,1229.3,1247.4,1250.9,1253.9,1248.4,1290,1313.3,1316.7,1360.3,1356.9,1403.2,1403.8,1486.4,1507.7,1543.6,1589.2,1637.2,1643,1669.3,1732.1,1755.4,1811.4,1865.9,1883,1936.6,1978.7,2002.5,2074.7,2091.9,2071.4,2113.2,2166.3,2171.7,2217.3,2211.1,2222.2,2242.4,2267.3,2320.1,2340.5,2344.7,2386.1,2427.2,2420.2,2301.8,2419.1,2469.3,2494.9,2579.9,2587.4,2609.6,2670.2,2703.5,2788.1,2850.2,2901.6,2949.9,3042.4,3122,3166.6,3332.6,3408,3486.3,3531.2,3432.1,3334,3439.3,3324.3,3252.7,3192.7,3201.4,3243.2,2978.1,3075.2,3087.2,3188.5,3366.8,3513.5,3558.2,3741.1,3782.9,3711.4,3849.8,3873.7,4052.8,4199.8,4227.8,4109.9,4177,4221.3,4237.1,4267.8,4310.4,4258,4492.7,4613.2,4596.6,4545,4577.7,4543.8,4490.5,4536.4,4484.2,4513.9,4543.2,4635.4,4634.9,4631.9,4722.4,4797.7,4891.2,4968.1,5019,5013.2,5044.7,5120.5,5166.7,4920.1
10,    Private enterprises,1226.4,1241.5,1242.8,1245.2,1238.2,1280.3,1302.8,1305.3,1350.2,1347.3,1391.5,1392,1473.9,1494.9,1530.9,1576.5,1624.9,1626.5,1653.1,1715.5,1738.5,1794.2,1848.5,1864.8,1918.3,1960.8,1984,2056.7,2074,2054.6,2096,2149.1,2155.6,2199.5,2193.8,2205.4,2227,2252.4,2306.5,2330.4,2337.5,2379.9,2422.6,2411.1,2299.1,2414.5,2463.8,2484.5,2570.1,2580.3,2603.9,2666,2700,2786.1,2849,2902.1,2951.2,3044.5,3125,3171,3336.9,3410.3,3491,3538.4,3441.4,3345.9,3451.6,3336.5,3267.8,3208.8,3218.5,3260.3,2994.7,3090.8,3101.4,3202.1,3381.6,3529.8,3576.6,3760.7,3802.7,3730.9,3868.1,3891.2,4068.9,4214.4,4241.8,4123,4189.9,4233.9,4251,4282,4324.1,4268.4,4501.6,4621,4603.4,4549.5,4581.3,4545.9,4491.7,4536.9,4486.7,4516.6,4546.2,4639.6,4639.4,4636.4,4726.3,4800.9,4894.1,4972.5,5026.8,5026.5,5059.6,5133.5,5174.1,4920.9
11,"        Net interest and miscellaneous payments, domestic industries",469.3,454.3,442.6,437.4,417.9,412,404.1,394.9,392.9,400.9,391.1,384.9,382.7,377.5,384.4,390.2,406.5,408.3,408.9,409.6,407.9,400.7,410.9,418.7,433.2,440.9,449,459.1,472.9,492.8,513.2,524,517.4,513.6,502.8,520.9,538,556.2,592.2,623.3,643.2,651.6,654.1,632.6,570.2,547.9,553,547.8,552.4,544.7,521.4,515.7,493.3,451.7,449.4,458.7,476.4,511.6,556.5,590.2,638.2,644.2,726.2,723.4,714.7,752.1,830,828.1,843.8,828.8,837.5,884,856.8,776.1,719.4,669.7,659.8,646.2,621.6,584.2,589,591.6,580.5,553.9,573.6,621.6,641,569,608.3,562.3,543.4,551.9,553.4,560,575.3,596.6,614.9,632.3,672.9,673.2,666.4,669.7,658.7,662.1,676.4,719.4,715.6,721.2,725.8,746.2,753.8,752.1,773.5,772,770.1,736.8,739.2,730.2
12,        Business current transfer payments (net),39.5,39.8,38.7,38.5,38.7,38.6,38.4,38.9,43,40.2,39.3,38.7,39.3,40.7,39.7,41.3,41.2,43.6,44.9,45.8,45.5,46.8,48.2,48.9,66.7,46.9,47.4,53.5,52.5,58.9,60.4,62.6,74.3,65.4,67.1,67.9,70.3,81,84.3,86.3,89,98.6,100.2,100.5,97.7,87.8,81.6,77.5,76.2,77.8,75.6,75.7,75,80.3,79.7,78.5,89.4,84.2,96.5,92,89.9,76.7,76.3,82.7,83.6,97.8,95.1,98.5,97.6,112,105.5,105.6,128,120.9,140.7,118.2,120.6,126,122.7,129.4,127.2,145.5,130.5,128,116.4,108.4,97.1,86.5,90.2,97,101.7,102.3,128.3,113.7,118.3,177.3,132.6,124.3,133.7,135,222.6,161.4,166.2,147.7,174.7,155.9,146.3,129.5,140,146.6,145.7,172,158.9,170.7,164.6,167.5,142.8,134.5
13,        Proprietors' income with inventory valuation and capital consumption adjustments,357,347.5,353,353.6,362.6,378.7,395.2,407.9,418.8,418.9,429.6,423.4,440,450.2,454.1,456.8,465.5,467.4,472,484.5,501,523.3,547.5,547.5,556.8,575.6,575.1,588.5,596.6,617.4,630.2,645.4,668.1,682.4,690.2,699.5,713.3,720.6,750.7,760.3,782.7,810,827.8,845.6,840.9,859.7,864.4,873,883.4,876.3,892.4,905.3,916.1,946.6,963,964.2,977.8,957.1,963.9,988,1007.5,1049.5,1052,1048.8,1053.2,1017.2,998.5,987.1,978.8,965,967.5,957.2,951.5,913.8,902,935,1001.7,1057.1,1103.5,1129,1144.4,1181.2,1211.9,1252.1,1268.2,1297.7,1308.7,1286.8,1306.6,1339.6,1364.1,1363.1,1340.1,1349.4,1376.7,1381.9,1371.7,1356.1,1339.9,1352.3,1342.5,1335.9,1334,1355.9,1371.1,1409.4,1419.7,1423.9,1461.5,1472.2,1479.6,1499.9,1529.7,1534,1535.6,1570.9,1582.7,1583.4
14,        Rental income of persons with capital consumption adjustment,31.3,33,35.5,39.4,46.4,50,57.3,64.3,70.7,80.7,86.9,92.5,100.2,109,113.5,116.3,115.9,118.3,121.6,125.7,134,139.5,141.6,143.7,145.3,144.2,144.6,147.4,152.1,156.8,162.6,168,173.4,176.1,179.6,179.4,178.9,179.8,180.2,182.9,191,197.1,202.6,204.8,205.1,207.3,208.9,207.7,209.9,218.7,223.2,227.5,239,243,243.4,241.8,242.9,233.7,231.2,213.6,206,194.5,183.4,177.8,168.7,162.5,180.3,193.6,208.7,249.2,281,305.2,325.6,326.5,335.9,355.9,372,404.9,428.9,442.6,458.3,489.1,501.4,510.1,525.6,526.8,532.5,536.1,542.6,562.3,576.3,588.6,587.6,595,599.1,600.3,599.7,588.8,603.1,606.4,607.2,612,619.1,619.9,623.9,633.9,634.3,643.8,656.2,663.5,669,679.8,673.6,674.4,682.8,690.2,706.3,729.2
15,"        Corporate profits with inventory valuation and capital consumption adjustments, domestic industries",329.4,367,373.1,376.3,372.6,400.9,407.8,399.3,424.7,406.5,444.7,452.4,511.6,517.5,539.2,571.9,595.8,588.9,605.8,649.9,650.3,683.8,700.2,706,716.3,753.3,767.9,808.1,799.9,728.6,729.6,749.1,722.4,761.9,754.1,737.7,726.5,714.8,699.1,677.6,631.5,622.6,638,627.7,585.2,711.7,756,778.5,848.2,862.8,891.4,941.8,976.6,1064.6,1113.5,1158.9,1164.7,1257.9,1276.9,1287.2,1395.3,1445.4,1453.1,1505.8,1421.3,1316.3,1347.7,1229.2,1138.9,1053.8,1027,1008.2,732.8,953.5,1003.3,1123.2,1227.5,1295.5,1300,1475.5,1483.8,1323.4,1443.9,1447.1,1585,1660,1662.6,1644.6,1642.3,1672.8,1665.6,1676.1,1714.8,1650.3,1832.1,1864.9,1884.5,1847.9,1831.7,1779,1653,1757.8,1708.7,1731,1700.1,1721.1,1723.6,1718,1742.7,1772.4,1846,1868.8,1891.1,1875.4,1906.5,1968.1,2003.2,1743.5
16,            Taxes on corporate income,123.7,120.2,116,116.9,118.2,130.4,132.4,127.8,137.1,141.7,154.1,146.4,178,155.9,164.1,180.2,190.4,194.7,191,198,194,201.7,213.4,213.7,216.8,218.2,222.5,234.2,224.2,222.1,218.9,225.5,220.7,226.5,223.6,227.6,231.9,243.3,241.7,222.8,226,188.6,182.7,162.8,146.5,147.4,153.7,161.8,179.9,199.9,196.5,217.7,241,251.4,271.6,292.7,298.3,375.7,364,370.2,409,421.4,432.6,451.3,415.3,418.6,413.3,376.5,358.7,298,285.2,270.7,169.8,172,195.3,206.4,242,256.3,262.2,279.2,291.3,285.1,285.1,256.4,296.4,319.9,334.2,341.7,342.5,360.5,357.2,364.3,367.6,403.6,425,397.5,401.4,413.7,419.4,391.4,360,374.6,378.4,386.5,364.6,278.9,291.1,309.7,309,282.4,302,299.4,305.9,283.1,295.9,294.2,315.6,269.3
17,            Profits after tax with inventory valuation and capital consumption adjustments,205.7,246.9,257.1,259.4,254.4,270.5,275.5,271.5,287.7,264.8,290.6,306,333.6,361.6,375.1,391.7,405.4,394.2,414.8,451.9,456.3,482.2,486.9,492.3,499.5,535.1,545.4,573.9,575.8,506.5,510.7,523.6,501.7,535.4,530.5,510.1,494.6,471.5,457.4,454.8,405.5,434,455.3,464.9,438.7,564.3,602.3,616.7,668.4,662.9,695,724.2,735.5,813.2,841.9,866.2,866.3,882.2,912.9,916.9,986.3,1024,1020.4,1054.5,1006,897.7,934.4,852.6,780.2,755.8,741.7,737.5,562.9,781.5,808,916.8,985.5,1039.2,1037.7,1196.3,1192.5,1038.3,1158.8,1190.8,1288.6,1340.1,1328.4,1302.9,1299.8,1312.2,1308.4,1311.8,1347.1,1246.7,1407.1,1467.4,1483,1434.2,1412.3,1387.6,1293.1,1383.3,1330.3,1344.5,1335.4,1442.2,1432.5,1408.3,1433.7,1489.9,1544.1,1569.4,1585.2,1592.3,1610.7,1673.8,1687.6,1474.2
18,                Net dividends,171.3,172.2,178.9,178,182.1,171.8,176.5,177.3,188.2,195.9,196.4,200.4,211.8,210.5,221.7,218.9,230.4,237,240.7,259.8,265.6,269.6,275.3,289.3,299.6,300.7,304.2,314.3,331.6,339.1,347.6,342.7,348,333,335.3,317.6,348.8,371.2,390.7,401.5,371.3,362.9,345.4,372.6,367.4,375.6,386.3,363.5,392.4,372.1,447.4,418.9,453.4,488.9,485.5,481.5,614.2,454.7,403,245.3,170.6,574.1,584.8,646.5,746.4,662,668,697.3,684.1,668.9,685.2,654.5,634.8,603.2,544.1,450.7,468.4,484.8,478.1,537.7,557.6,601.6,620.9,646,663.8,712.5,704.9,710.4,933.8,714.5,940.2,866.8,914.1,883,899.8,884.5,925.7,969.9,923.9,966,1003.8,1003.5,970.9,901,939.5,1040.9,1080.8,980.8,1071.4,14.1,389,801.7,471,871.1,886.7,910.9,1082.4,971.2
19,                Undistributed corporate profits with inventory valuation and capital consumption adjustments,34.4,74.7,78.2,81.4,72.3,98.6,98.9,94.3,99.4,68.9,94.2,105.6,121.8,151.1,153.4,172.8,175,157.2,174.1,192.1,190.7,212.6,211.5,203,199.9,234.4,241.2,259.5,244.2,167.4,163,180.9,153.7,202.4,195.3,192.6,145.7,100.3,66.7,53.3,34.2,71.1,109.9,92.3,71.4,188.7,216,253.2,276,290.8,247.6,305.3,282.1,324.3,356.4,384.7,252.1,427.5,509.9,671.6,815.7,449.9,435.7,408,259.6,235.6,266.4,155.4,96.1,87,56.5,83.1,-71.9,178.3,263.9,466.1,517.1,554.4,559.6,658.6,634.9,436.7,537.8,544.7,624.8,627.5,623.4,592.5,366,597.7,368.2,445,433,363.7,507.3,582.9,557.3,464.3,488.4,421.6,289.3,379.8,359.4,443.5,395.9,401.3,351.7,427.5,362.3,1475.8,1155.1,767.7,1114.2,721.1,724,762.9,605.2,502.9
20,    Current surplus of government enterprises1,2.8,5.9,8.1,8.7,10.2,9.8,10.5,11.4,10.2,9.6,11.7,11.9,12.5,12.8,12.7,12.7,12.3,16.4,16.2,16.6,16.9,17.2,17.4,18.2,18.3,17.9,18.6,18,17.8,16.9,17.2,17.2,16.2,17.8,17.3,16.8,15.4,14.8,13.6,10.1,7.3,6.2,4.5,9.2,2.7,4.6,5.5,10.4,9.8,7.1,5.7,4.2,3.5,2,1.1,-0.5,-1.2,-2.1,-2.9,-4.4,-4.3,-2.3,-4.8,-7.2,-9.4,-11.9,-12.3,-12.2,-15.1,-16.1,-17.1,-17.1,-16.6,-15.6,-14.2,-13.6,-14.8,-16.3,-18.5,-19.6,-19.9,-19.5,-18.3,-17.5,-16,-14.6,-14,-13.1,-12.8,-12.7,-14,-14.2,-13.7,-10.3,-9,-7.8,-6.8,-4.5,-3.6,-2.2,-1.2,-0.4,-2.5,-2.7,-3,-4.2,-4.5,-4.4,-3.9,-3.2,-3,-4.5,-7.8,-13.3,-14.9,-12.9,-7.4,-0.8
21,Consumption of fixed capital,906.9,919,928.9,937.8,943.9,948.2,955.2,963.4,974.3,986.2,997.5,1008.7,1021.6,1033.3,1047,1062.3,1079.9,1099.2,1115.8,1130.8,1143.9,1155.6,1167.6,1181.9,1196.2,1213.3,1231.2,1247.8,1265,1281.3,1300,1318.8,1338.8,1358.7,1383.2,1410.7,1443.2,1479,1506.1,1525,1534.8,1566.4,1594,1611.6,1626,1637.5,1649.3,1664.4,1680.7,1695,1708.8,1725.7,1746.9,1774,1803.6,1835.1,1874.6,1911.6,1949,1989.7,2034,2070.4,2107.1,2141.1,2178,2214.7,2240.9,2265.6,2289.8,2319.8,2347.2,2376,2392.8,2387.4,2369.1,2359,2369.6,2374.6,2382.7,2391.8,2412.5,2437.2,2463.6,2487.6,2509.1,2538.3,2563.9,2590.1,2609.9,2633.2,2664.4,2694.8,2734.1,2774.7,2801.8,2838,2864.2,2891.2,2912.9,2936.8,2950.9,2961.4,2994.9,3020.2,3055.8,3089.4,3129,3170.5,3207,3249.5,3295.2,3334.4,3371.3,3418.3,3462.8,3499.8,3529.2,3569.7
22,    Private,702.3,711.4,719,725.3,730.2,733.7,738.8,745.4,753.6,763.4,773.2,783.1,793.2,803.3,815,828.4,843.3,859.8,874.8,888.2,900.1,910.4,922,934.9,949,964.4,979.9,995.5,1011.2,1027,1043.3,1060.4,1078,1096.3,1117.9,1143.1,1171.6,1203.5,1227.5,1243.5,1251.5,1281.2,1307.1,1322.8,1335.7,1345,1354.4,1367,1380.9,1392.3,1403.4,1417.2,1435,1458.1,1482.4,1507.7,1540.2,1572.4,1603.9,1637.9,1676.3,1708.1,1737.8,1765.9,1795.6,1823.7,1843.8,1862.3,1879.9,1902.8,1923.8,1945.7,1955.5,1946.8,1927.5,1916.4,1923.4,1924.2,1927.5,1932.7,1948.5,1967.5,1988.6,2007.4,2025.3,2049.7,2071.3,2094.3,2112.5,2134,2161.4,2188.2,2222.8,2259.7,2284.8,2318.1,2342.8,2368.1,2388.3,2410.6,2424.4,2434.8,2463.6,2486.3,2517.6,2547,2582,2618.1,2649.2,2684.6,2722.3,2755.8,2786.6,2828,2867,2899.2,2924.6,2961.7
23,    Government,204.5,207.6,209.9,212.5,213.7,214.5,216.4,217.9,220.7,222.8,224.3,225.6,228.4,230,231.9,233.9,236.6,239.3,241,242.5,243.8,245.1,245.5,247,247.2,248.9,251.3,252.3,253.8,254.4,256.7,258.4,260.8,262.4,265.3,267.6,271.6,275.4,278.6,281.5,283.4,285.2,286.9,288.7,290.3,292.6,294.9,297.4,299.8,302.7,305.4,308.5,311.9,315.9,321.2,327.4,334.4,339.2,345.1,351.8,357.6,362.3,369.3,375.2,382.5,391,397.1,403.3,409.9,417,423.4,430.3,437.4,440.6,441.6,442.6,446.3,450.3,455.2,459.1,464,469.7,475,480.2,483.8,488.6,492.6,495.8,497.4,499.3,503,506.5,511.3,515,517,519.9,521.4,523.1,524.6,526.2,526.4,526.6,531.4,533.9,538.2,542.4,547,552.4,557.8,564.9,572.9,578.7,584.8,590.3,595.8,600.6,604.6,608.1
,Addendum:,,,,,,,,,,,,,,,,,,,,,,,,,,,,,,,,,,,,,,,,,,,,,,,,,,,,,,,,,,,,,,,,,,,,,,,,,,,,,,,,,,,,,,,,,,,,,,,,,,,,,,,,,,,,,,,,,,,,,,
24,    Statistical discrepancy,77.3,62.1,92.4,107.8,108.6,78.4,95.4,139.6,148.6,183.5,144.7,165,128.6,159.4,148.7,125.2,123.6,120.3,100,72.6,75.6,48.2,65.6,64.6,49.7,12.7,44,13.9,-29.6,-27.9,-76.8,-89.7,-31.2,-74.4,-41.6,-9.2,8,-153.9,-39.6,-124.2,-65.3,-209.2,-133.1,-120.7,-4,-43.3,-79.9,-67.7,-135.8,-71.7,-64.3,1.3,37.9,7.4,-35.7,-70.8,-13.4,17.2,-42.1,-37.9,-165.2,-196.7,-219.7,-254.8,-167.9,-126.3,-109.3,99,185.8,132.5,247.8,188,196.5,268.4,192.9,185.2,120.4,112.1,114.5,5.4,45.8,-7.5,-15.5,-52.6,-21.5,-206,-172.5,-9.7,-226.3,-63.3,-120.1,6.9,57.4,-115.6,-134.2,-124.7,-189.2,-149.4,-101.3,-59.1,-62,-66.1,81.3,91.8,104.7,43.1,32.7,91,104.9,123.6,110.7,37.9,-18.4,-99.7,28.5,159.5,139.8,-2.1
,,,,,,,,,,,,,,,,,,,,,,,,,,,,,,,,,,,,,,,,,,,,,,,,,,,,,,,,,,,,,,,,,,,,,,,,,,,,,,,,,,,,,,,,,,,,,,,,,,,,,,,,,,,,,,,,,,,,,,,
Legend/Footnotes,,,,,,,,,,,,,,,,,,,,,,,,,,,,,,,,,,,,,,,,,,,,,,,,,,,,,,,,,,,,,,,,,,,,,,,,,,,,,,,,,,,,,,,,,,,,,,,,,,,,,,,,,,,,,,,,,,,,,,,
"1. Prior to 1959, subsidies (line 8) and the current surplus of government enterprises (line 20) are not shown separately; subsidies are presented net of the current surplus of government enterprises.",,,,,,,,,,,,,,,,,,,,,,,,,,,,,,,,,,,,,,,,,,,,,,,,,,,,,,,,,,,,,,,,,,,,,,,,,,,,,,,,,,,,,,,,,,,,,,,,,,,,,,,,,,,,,,,,,,,,,,,
